{
  "Paczkomat InPost": [
    50.14483,
    19.68334
  ],
  "Wishes School of English": [
    50.1445909,
    19.6706191
  ],
  "Szlachta - slusarsko-tokarskie": [
    50.1436914,
    19.6796662
  ],
  "Uslugi spawalnicze": [
    50.1453971,
    19.6839594
  ],
  "Dom rekolekcyjny siostr": [
    50.1459004,
    19.6811493
  ],
  "BanBan Ogrody": [
    50.1447374,
    19.675621
  ],
  "Pracownie Artystyczne Siek ART": [
    50.1437269,
    19.6784104
  ]
}